{"name":"522f1120-c856-4de0-b1ad-41071b806151","id":"/providers/Microsoft.Flow/flows/522f1120-c856-4de0-b1ad-41071b806151","type":"Microsoft.Flow/flows","properties":{"apiId":"/providers/Microsoft.PowerApps/apis/shared_logicflows","displayName":"testFunApp","definition":{"metadata":{"workflowEntityId":null,"processAdvisorMetadata":null,"flowclientsuspensionreason":"None","flowclientsuspensiontime":null,"creator":{"id":"f0b9896b-33a7-4066-97da-c4986bccd3cc","type":"User","tenantId":"d98fb82e-3c2c-4e5f-9c1d-c29bdd0be80c"},"provisioningMethod":"FromDefinition","failureAlertSubscription":true,"clientLastModifiedTime":"2022-04-04T06:55:38.4379972Z"},"$schema":"https://schema.management.azure.com/providers/Microsoft.Logic/schemas/2016-06-01/workflowdefinition.json#","contentVersion":"1.0.0.0","parameters":{"$authentication":{"defaultValue":{},"type":"SecureObject"}},"triggers":{"manual":{"metadata":{"operationMetadataId":"094e90d1-1d63-41a3-ad3f-163ae48a620a"},"type":"Request","kind":"Button","inputs":{"schema":{"type":"object","properties":{},"required":[]}}}},"actions":{"HTTP":{"runAfter":{},"metadata":{"operationMetadataId":"627b985a-13bd-41d0-bda0-7f62c3ba4eff"},"type":"Http","inputs":{"method":"POST","uri":"https://testfunapp20220404.azurewebsites.net/api/httptrigger1?code=ccoMunBSNlExLuWaww%2F%2Fi4f64qAj8zZZRd6wpcMAwgsXqNpI8hyGZQ%3D%3D","body":{"name":"Tom","sport":"basketball","message":"Tom likes basketball","success":true}}}}},"connectionReferences":{},"flowFailureAlertSubscribed":false}}